{
  "images" : [
    {
      "filename" : "bluePlaneFlyAbove_fourteen.jpg",
      "idiom" : "universal",
      "platform" : "ios",
      "scale" : "2x",
      "size" : "20x20"
    },
    {
      "filename" : "bluePlaneFlyAbove_sixteen.jpg",
      "idiom" : "universal",
      "platform" : "ios",
      "scale" : "3x",
      "size" : "20x20"
    },
    {
      "filename" : "bluePlaneFlyAbove_fifty eight.jpg",
      "idiom" : "universal",
      "platform" : "ios",
      "scale" : "2x",
      "size" : "29x29"
    },
    {
      "filename" : "bluePlaneFlyAbove_eighty seven.jpg",
      "idiom" : "universal",
      "platform" : "ios",
      "scale" : "3x",
      "size" : "29x29"
    },
    {
      "filename" : "bluePlaneFlyAbove_seventy six.jpg",
      "idiom" : "universal",
      "platform" : "ios",
      "scale" : "2x",
      "size" : "38x38"
    },
    {
      "filename" : "bluePlaneFlyAbove_houndred fourteen.jpg",
      "idiom" : "universal",
      "platform" : "ios",
      "scale" : "3x",
      "size" : "38x38"
    },
    {
      "filename" : "bluePlaneFlyAbove_eightteen.jpg",
      "idiom" : "universal",
      "platform" : "ios",
      "scale" : "2x",
      "size" : "40x40"
    },
    {
      "filename" : "bluePlaneFlyAbove_houndred twenty.jpg",
      "idiom" : "universal",
      "platform" : "ios",
      "scale" : "3x",
      "size" : "40x40"
    },
    {
      "filename" : "bluePlaneFlyAbove_houndred twenty 1.jpg",
      "idiom" : "universal",
      "platform" : "ios",
      "scale" : "2x",
      "size" : "60x60"
    },
    {
      "filename" : "bluePlaneFlyAbove_houndred eightteen.jpg",
      "idiom" : "universal",
      "platform" : "ios",
      "scale" : "3x",
      "size" : "60x60"
    },
    {
      "filename" : "bluePlaneFlyAbove_houndred twenty eitght.jpg",
      "idiom" : "universal",
      "platform" : "ios",
      "scale" : "2x",
      "size" : "64x64"
    },
    {
      "filename" : "bluePlaneFlyAbove_houndred ninty two.jpg",
      "idiom" : "universal",
      "platform" : "ios",
      "scale" : "3x",
      "size" : "64x64"
    },
    {
      "filename" : "bluePlaneFlyAbove_houndred thirty six.jpg",
      "idiom" : "universal",
      "platform" : "ios",
      "scale" : "2x",
      "size" : "68x68"
    },
    {
      "filename" : "bluePlaneFlyAbove_houndred fifty two.jpg",
      "idiom" : "universal",
      "platform" : "ios",
      "scale" : "2x",
      "size" : "76x76"
    },
    {
      "filename" : "bluePlaneFlyAbove_houndred sixty seven.jpg",
      "idiom" : "universal",
      "platform" : "ios",
      "scale" : "2x",
      "size" : "83.5x83.5"
    },
    {
      "filename" : "bluePlaneFlyAbove_big.jpg",
      "idiom" : "universal",
      "platform" : "ios",
      "size" : "1024x1024"
    }
  ],
  "info" : {
    "author" : "xcode",
    "version" : 1
  }
}
